车型,长,宽,高,轴距,最大功率,最大扭矩,续航里程,电池类型,快充时间,价格,LCC（10年）
特斯拉 Model 3 2025 款,4720,1848,1442,2875,357,650,713,1,30,23.55,37.68
比亚迪汉 L EV,5020,1920,1495,2920,445,800,701,3,25,21.98,30.88
蔚来萤火虫,4500,1850,1600,2700,105,210,420,1,35,14.88,38.02
小鹏 G7 2025 款,4891,1937,1680,2998,405,757,702,2,28,17.68,43.10
极氪 007GT,4865,1900,1450,2920,400,740,825,2,15,20.99,41.92
阿维塔 12,4900,1995,1480,2975,405,700,730,2,20,26.99,55.14
小米 YU7,4997,1963,1455,3000,418,780,820,2,25,21.59,32.39
深蓝 SL03 纯电版,4820,1890,1480,2900,190,340,705,1,30,14.99,22.49
东风风神 L7 纯电版,4680,1870,1650,2750,160,310,518,1,27.6,8.99,13.49
问界 M9 纯电版,5230,1999,1800,3110,390,720,630,2,30,46.98,70.47
广汽埃安 AION Y Younger,4270,1850,1575,2750,100,225,420,1,25,8.38,12.57
奥迪 Q6L e-tron,4945,1937,1650,2968,300,664,680,2,30,45.98,68.97
吉利银河星舰 9,5200,1960,1780,3100,400,720,780,2,28,28.98,43.47
零跑 C11 增程版,4739,1905,1680,2930,200,360,610,1,30,14.98,22.47
腾势 Z9 GT,5040,1970,1760,3000,380,700,750,2,25,33.48,50.22
极氪 001 2025 款,4970,1999,1548,3005,400,768,741,2,18,25.9,38.85
哪吒 S 2025 款,4980,1980,1450,2980,340,620,715,2,30,15.98,23.97
昊铂 GT,4886,1885,1449,2920,360,700,710,2,25,20.39,30.59
华为智界 S9,5040,1970,1460,2950,425,800,816,2,25,31.8,47.70
深蓝 S7 纯电版,4750,1930,1625,2900,190,340,705,1,30,14.99,22.49
比亚迪秦 L EV,4760,1835,1495,2765,160,300,545,1,30,9.98,14.97
小鹏 X9,5200,1999,1810,3110,360,720,702,2,28,39.98,59.97
理想 L6,5050,1995,1750,3005,280,560,680,2,25,24.98,37.47
长安深蓝 E03,4500,1835,1570,2700,130,280,510,1,30,10.98,16.47
红旗 E-HS9,5209,2010,1713,3110,480,950,690,2,35,58.98,88.47
欧拉闪电猫,4871,1862,1500,2870,300,680,705,2,30,14.98,22.47
奇瑞 eQ7,4675,1910,1660,2830,180,390,610,2,30,14.99,22.49
上汽名爵木兰,4287,1835,1516,2705,315,650,649,1,30,12.98,19.47
哪吒 X,4670,1900,1660,2800,200,400,510,1,30,13.98,20.97
Vinfast VF 8,4750,1930,1625,2900,300,680,520,2,30,22.98,34.47
现代 IONIQ 6,4855,1880,1495,2950,239,605,614,2,18,22.98,34.47
起亚 EV6,4680,1880,1550,2900,239,605,610,2,18,25.98,38.97
大众 ID.7,4956,1862,1537,2969,210,460,700,2,30,21.98,32.97
极星 2,4606,1859,1479,2735,335,680,650,2,30,29.98,44.97
奔驰 EQE,4969,1906,1514,3120,300,855,717,2,31,49.98,74.97
宝马 iX3,4746,1891,1683,2864,210,400,592,2,34,40.5,60.75
雷克萨斯 RZ,4805,1895,1635,2850,230,435,510,2,30,36.99,55.49
路特斯 Evija,5250,2080,1485,3100,670,1310,830,2,20,86.98,130.47
Rivian R1T,5500,2000,1800,3450,562,1120,650,2,25,69.98,104.97